director,total_movies,total_revenue,mean_rating
James Cameron,2,5187.868379,7.7509999999999994
Anthony Russo,2,4851.854139,8.236
Joss Whedon,2,2924.219209,7.6095
J.J. Abrams,1,2068.223624,7.253
Colin Trevorrow,1,1671.537444,6.7
Jon Favreau,1,1662.020819,7.097
James Wan,1,1515.4,7.219
Jennifer Lee,1,1453.683476,7.237
Ryan Coogler,1,1349.926083,7.363
David Yates,1,1341.511219,8.082
